plate,Well.Id,Channel,FlowJo,plateCore,Predict.PP,Gate.Score,MFI.Ratio
Plate 8774,B01,FL1-H,20,8.55,10.84,0.08,1.61
Plate 8774,B01,FL2-H,0,0.04,0.58,0.06,0.51
Plate 8774,B01,FL4-H,0,0.15,1.57,0.02,0.75
Plate 8774,B02,FL1-H,13,19.38,6,0.61,1.26
Plate 8774,B02,FL2-H,94,98.33,98.5,0.09,17.2
Plate 8774,B02,FL4-H,NA,0.08,1.87,0.01,0.8
Plate 8774,B03,FL1-H,26,23.05,11.32,0.45,1.64
Plate 8774,B03,FL2-H,0,2.91,6.27,0.01,1.29
Plate 8774,B03,FL4-H,0,0.36,2.03,0,0.83
Plate 8774,B04,FL1-H,10,0.13,3.55,-0.04,1.03
Plate 8774,B04,FL2-H,22,47.49,43.99,0.18,3.25
Plate 8774,B04,FL4-H,41,43.8,48.75,0.05,3.5
Plate 8774,B05,FL1-H,5,4.71,3.72,0.19,1.05
Plate 8774,B05,FL2-H,4,12.6,15.44,0.07,1.88
Plate 8774,B05,FL4-H,3,2.68,0.85,0.33,0.59
Plate 8774,B06,FL1-H,71,79.72,99.79,-3.64,36.32
Plate 8774,B06,FL2-H,16,66.43,65.01,0.15,4.5
Plate 8774,B06,FL4-H,36,55.16,58.24,0.07,4.04
Plate 8774,B07,FL1-H,38,40.45,21.12,0.53,2.17
Plate 8774,B07,FL2-H,59,76.2,97.11,-0.97,13.37
Plate 8774,B07,FL4-H,97,98.29,99.6,-0.09,28.48
Plate 8774,B08,FL1-H,58,56.09,99.39,-4.72,24.22
Plate 8774,B08,FL2-H,17,37.67,31.7,0.25,2.67
Plate 8774,B08,FL4-H,18,4.39,1.1,0.37,0.65
Plate 8774,B09,FL1-H,17,23.35,12.31,0.41,1.7
Plate 8774,B09,FL2-H,12,36.09,31.7,0.21,2.67
Plate 8774,B09,FL4-H,10,0.82,4.27,-0.01,1.1
Plate 8774,B10,FL1-H,16,11.97,4.27,0.46,1.1
Plate 8774,B10,FL2-H,0,0.71,1.21,0.11,0.68
Plate 8774,B10,FL4-H,0,0.09,1.76,0.01,0.78
Plate 8774,B11,FL1-H,0,0.54,2.28,0.06,0.87
Plate 8774,B11,FL2-H,0,0.36,2.75,-0.02,0.93
Plate 8774,B11,FL4-H,0,0,0.49,0.07,0.48
Plate 8774,B12,FL2-H,9,5.09,8.93,0.01,1.49
Plate 8774,B12,FL3-H,6,7.2,1.39,0.55,0.72
Plate 8774,B12,FL4-H,3,1.88,0.16,0.53,0.32
Plate 8774,C01,FL2-H,2,4.07,6.56,0.04,1.31
Plate 8774,C01,FL3-H,15,2.45,0.65,0.28,0.54
Plate 8774,C01,FL4-H,3,0.06,0.52,0.07,0.49
Plate 8774,C02,FL2-H,16,7.13,13.11,-0.03,1.75
Plate 8774,C02,FL3-H,99,99.92,99.99,0.14,147.94
Plate 8774,C02,FL4-H,20,62.05,60.54,0.16,4.19
Plate 8774,C03,FL2-H,27,87.61,86.84,0.16,7.25
Plate 8774,C03,FL3-H,15,2.78,1.64,0.22,0.76
Plate 8774,C03,FL4-H,15,19.78,16.74,0.21,1.95
Plate 8774,C04,FL2-H,18,71.07,67.15,0.2,4.66
Plate 8774,C04,FL3-H,0,4.41,8.74,-0.02,1.47
Plate 8774,C04,FL4-H,81,94.27,95.67,0.06,11.42
Plate 8774,C05,FL1-H,3,0.73,3.89,2.11E-05,1.07
Plate 8774,C05,FL2-H,39,57.68,55.3,0.18,3.86
Plate 8774,C05,FL4-H,31,18.24,26.3,-0.03,2.42
Plate 8774,C06,FL1-H,1,9.33,8.74,0.14,1.47
Plate 8774,C06,FL2-H,20,89.53,86,0.23,7.05
Plate 8774,C06,FL4-H,2,9.23,9.03,0.13,1.49
Plate 8774,C07,FL1-H,37,99.85,91.41,0.4,8.68
Plate 8774,C07,FL2-H,6,41.51,39.92,0.17,3.05
Plate 8774,C07,FL4-H,9,18.12,16.4,0.17,1.93
Plate 8774,C08,FL1-H,0,2.9,2.69,0.15,0.92
Plate 8774,C08,FL2-H,32,57.84,55.3,0.18,3.86
Plate 8774,C08,FL4-H,1,0.73,1.98,0.07,0.82
Plate 8774,C09,FL1-H,0,3.48,0.96,0.31,0.62
Plate 8774,C09,FL2-H,14,56.25,53.52,0.17,3.76
Plate 8774,C09,FL4-H,73,89.73,97.76,-0.33,14.76
Plate 8774,C10,FL1-H,3,12.81,3.89,0.54,1.07
Plate 8774,C10,FL2-H,66,96.4,96.52,0.11,12.44
Plate 8774,C10,FL4-H,0,0.02,0.26,0.09,0.38
Plate 8774,C11,FL1-H,16,20.37,15.13,0.25,1.86
Plate 8774,C11,FL2-H,14,21.86,20.73,0.16,2.15
Plate 8774,C11,FL4-H,6,7.44,0.47,0.96,0.47
Plate 8774,C12,FL1-H,11,5.4,7.17,0.06,1.36
Plate 8774,C12,FL2-H,3,2.03,6.27,-0.02,1.29
Plate 8774,C12,FL4-H,24,17.61,23.61,0.02,2.29
Plate 8774,D01,FL1-H,13,22.13,8.93,0.53,1.49
Plate 8774,D01,FL2-H,1,1.67,7.33,-0.05,1.37
Plate 8774,D01,FL4-H,6,4.77,1.05,0.47,0.64
Plate 8774,D02,FL1-H,0,0.02,0.79,0.05,0.58
Plate 8774,D02,FL2-H,13,49.04,47.55,0.16,3.43
Plate 8774,D02,FL4-H,14,0.42,2.82,-0.02,0.94
Plate 8774,D03,FL1-H,8,62.38,58.82,0.19,4.07
Plate 8774,D03,FL2-H,8,1.45,7.49,-0.08,1.38
Plate 8774,D03,FL4-H,0,0,0.76,0.05,0.57
Plate 8774,D04,FL1-H,2,12.69,11.08,0.18,1.63
Plate 8774,D04,FL2-H,0,2.91,7.83,-0.03,1.41
Plate 8774,D04,FL4-H,0,1.17,0.53,0.19,0.5
Plate 8774,D05,FL1-H,0,0.96,4.07,-0.01,1.08
Plate 8774,D05,FL2-H,1,5.28,2.23,0.29,0.86
Plate 8774,D05,FL4-H,52,71.54,97.68,-1.36,14.56
Plate 8774,D06,FL1-H,51,72.6,66.62,0.25,4.62
Plate 8774,D06,FL2-H,21,46,35.98,0.31,2.87
Plate 8774,D06,FL4-H,49,61.57,66.62,0.04,4.62
Plate 8774,D07,FL1-H,25,25.52,14.53,0.41,1.83
Plate 8774,D07,FL2-H,26,27.7,13.38,0.5,1.76
Plate 8774,D07,FL4-H,63,60.28,63.36,0.07,4.38
Plate 8774,D08,FL1-H,37,49.27,37.09,0.34,2.92
Plate 8774,D08,FL2-H,95,97.29,99.92,-0.75,51.6
Plate 8774,D08,FL4-H,36,17.03,19.2,0.08,2.07
Plate 8774,D09,FL1-H,0,0.19,1.94,0.01,0.81
Plate 8774,D09,FL2-H,5,0.97,5.73,-0.05,1.24
Plate 8774,D09,FL4-H,14,1.68,7.58,-0.05,1.39
Plate 8774,D10,FL1-H,13,10.35,5.6,0.3,1.23
Plate 8774,D10,FL2-H,8,20.79,19.57,0.16,2.09
Plate 8774,D10,FL4-H,5,4.88,12.18,-0.06,1.69
Plate 8774,D11,FL1-H,4,4.85,1.46,0.39,0.73
Plate 8774,D11,FL2-H,0,1.82,6.27,-0.02,1.29
Plate 8774,D11,FL4-H,9,5.62,0.21,1.22,0.35
Plate 8774,D12,FL1-H,48,60.14,98.84,-3.03,18.99
Plate 8774,D12,FL2-H,12,0.45,3.47,-0.03,1.02
Plate 8774,D12,FL4-H,24,22.61,4.52,0.91,1.13
Plate 8774,E01,FL1-H,16,4.66,1.72,0.35,0.78
Plate 8774,E01,FL2-H,10,7.15,13.11,-0.03,1.75
Plate 8774,E01,FL4-H,2,6.67,0.18,1.52,0.33
Plate 8774,E02,FL1-H,10,2,2.13,0.12,0.84
Plate 8774,E02,FL2-H,24,43.17,41.07,0.16,3.11
Plate 8774,E02,FL4-H,14,2.02,1.08,0.21,0.65
Plate 8774,E03,FL1-H,90,89.57,99.8,-1.78,36.98
Plate 8774,E03,FL2-H,33,41.06,38.78,0.17,3
Plate 8774,E03,FL4-H,99,99.81,100,0.13,193.82
Plate 8774,E04,FL1-H,57,71.29,91.69,-0.52,8.8
Plate 8774,E04,FL2-H,16,50.06,47.55,0.17,3.43
Plate 8774,E04,FL4-H,54,50.89,65.82,-0.14,4.56
Plate 8774,E05,FL1-H,98,99.92,98.89,0.22,19.34
Plate 8774,E05,FL2-H,52,91.65,87.38,0.25,7.38
Plate 8774,E05,FL4-H,61,56.45,65.55,-0.04,4.54
Plate 8774,E06,FL1-H,73,99.96,98.99,0.22,20.05
Plate 8774,E06,FL2-H,10,72.92,73.61,0.12,5.24
Plate 8774,E06,FL4-H,69,83.62,99.74,-2.58,33.64
Plate 8774,E07,FL1-H,86,99.67,99.67,0.18,30.61
Plate 8774,E07,FL2-H,0,7.41,12.31,-0.01,1.7
Plate 8774,E07,FL4-H,22,12.27,17.76,0,2
Plate 8774,E08,FL1-H,9,2.5,4.57,0.02,1.13
Plate 8774,E08,FL2-H,14,20.21,24.05,0.05,2.31
Plate 8774,E08,FL4-H,59,56.28,61.68,0.03,4.26
Plate 8774,E09,FL1-H,56,72.54,78.8,0.01,5.84
Plate 8774,E09,FL2-H,19,51.82,45.18,0.25,3.31
Plate 8774,E09,FL4-H,0,0.08,1.24,0.03,0.69
Plate 8774,E10,FL1-H,98,99.92,98.97,0.22,19.87
Plate 8774,E10,FL2-H,64,87.77,86,0.18,7.05
Plate 8774,E10,FL4-H,47,50.87,59.97,-0.03,4.15
Plate 8774,E11,FL1-H,0,2.4,6.13,-0.02,1.28
Plate 8774,E11,FL2-H,0,9.02,8.74,0.14,1.47
Plate 8774,E11,FL4-H,18,1.01,4.12,-0.01,1.09
Plate 8774,E12,FL1-H,12,15.54,4.17,0.65,1.09
Plate 8774,E12,FL2-H,98,99.92,99.98,0.14,86.2
Plate 8774,E12,FL4-H,0,0.33,0.21,0.09,0.35
Plate 8774,F01,FL1-H,76,90.85,88.88,0.19,7.79
Plate 8774,F01,FL2-H,7,9.99,8.18,0.19,1.43
Plate 8774,F01,FL4-H,0,0.04,0.37,0.08,0.43
Plate 8774,F02,FL1-H,98,99.79,99.62,0.18,29
Plate 8774,F02,FL2-H,23,52.81,49.05,0.2,3.51
Plate 8774,F02,FL4-H,6,6.03,3.72,0.24,1.05
Plate 8774,F03,FL1-H,23,77.64,86.56,-0.09,7.18
Plate 8774,F03,FL2-H,74,92.03,99.52,-0.82,26.5
Plate 8774,F03,FL4-H,86,98.21,99.23,0.01,22.23
Plate 8774,F04,FL1-H,12,7.38,4.27,0.25,1.1
Plate 8774,F04,FL2-H,82,99.87,99.67,0.18,30.61
Plate 8774,F04,FL4-H,0,0.17,2.92,-0.02,0.95
Plate 8774,F05,FL1-H,11,5.66,7.66,0.08,1.4
Plate 8774,F05,FL2-H,5,50.83,46.96,0.2,3.4
Plate 8774,F05,FL4-H,9,0.19,1.09,0.04,0.65
Plate 8774,F06,FL1-H,0,0.76,1.72,0.08,0.78
Plate 8774,F06,FL2-H,78,87.62,99.99,-10.66,117.06
Plate 8774,F06,FL4-H,21,13.69,15.6,0.09,1.89
Plate 8774,F07,FL1-H,5,8.02,1.76,0.54,0.78
Plate 8774,F07,FL2-H,0,1.78,0.77,0.25,0.57
Plate 8774,F07,FL4-H,0,0.24,0.49,0.07,0.48
Plate 8774,F08,FL1-H,23,43.33,31.19,0.35,2.64
Plate 8774,F08,FL2-H,20,24.55,9.95,0.57,1.55
Plate 8774,F08,FL4-H,4,3.63,0.22,0.83,0.36
Plate 8774,F09,FL1-H,2,7.54,1.61,0.57,0.76
Plate 8774,F09,FL2-H,2,4.83,8.46,0.02,1.45
Plate 8774,F09,FL4-H,35,46.29,48.45,0.09,3.48
Plate 8774,F10,FL1-H,0,0.27,1.1,0.04,0.65
Plate 8774,F10,FL2-H,60,82.8,96.82,-0.56,12.9
Plate 8774,F10,FL4-H,0,0.1,0.99,0.04,0.63
Plate 8774,F11,FL1-H,14,12.91,7.01,0.33,1.35
Plate 8774,F11,FL2-H,34,60.9,54.71,0.24,3.82
Plate 8774,F11,FL4-H,11,12.93,3.16,0.62,0.98
Plate 8774,F12,FL1-H,22,62.79,51.14,0.34,3.62
Plate 8774,F12,FL2-H,9,0.13,2.63,-0.01,0.91
Plate 8774,F12,FL4-H,1,0.04,1.72,0.01,0.78
Plate 8774,G01,FL1-H,19,69.59,54.12,0.41,3.79
Plate 8774,G01,FL2-H,26,58.51,57.07,0.16,3.96
Plate 8774,G01,FL4-H,8,0.19,1.3,0.03,0.7
Plate 8774,G02,FL1-H,86,97.59,93.7,0.28,9.84
Plate 8774,G02,FL2-H,14,18,18.83,0.11,2.05
Plate 8774,G02,FL4-H,66,59.55,67.68,-0.01,4.7
Plate 8774,G03,FL1-H,10,0.17,1.36,0.03,0.71
Plate 8774,G03,FL2-H,25,51.19,48.15,0.18,3.46
Plate 8774,G03,FL4-H,33,22.05,31.19,-0.04,2.64
Plate 8775,B01,FL1-H,10,8.83,10.96,0.06,1.64
Plate 8775,B01,FL2-H,0,0.08,0.39,0.06,0.45
Plate 8775,B01,FL4-H,0,0.06,1.38,0.01,0.72
Plate 8775,B02,FL1-H,13,20.19,6.21,0.65,1.3
Plate 8775,B02,FL2-H,96,97.89,99.24,-0.01,22.74
Plate 8775,B02,FL4-H,0,0.17,2.37,-0.02,0.89
Plate 8775,B03,FL1-H,32,22.94,11.2,0.47,1.66
Plate 8775,B03,FL2-H,0,2.64,6.79,-0.02,1.35
Plate 8775,B03,FL4-H,0,0.46,1.83,-0.01,0.81
Plate 8775,B04,FL1-H,12,0.17,3.6,-0.06,1.05
Plate 8775,B04,FL2-H,24,50.37,45.39,0.21,3.37
Plate 8775,B04,FL4-H,39,42.37,45.39,0.06,3.37
Plate 8775,B05,FL1-H,7,6.84,4.22,0.25,1.11
Plate 8775,B05,FL2-H,14,24.78,24.9,0.12,2.38
Plate 8775,B05,FL4-H,5,1.84,1.12,0.2,0.67
Plate 8775,B06,FL1-H,70,80.79,99.8,-3.71,37.31
Plate 8775,B06,FL2-H,46,71.58,71.36,0.13,5.1
Plate 8775,B06,FL4-H,72,60.47,63.53,0.05,4.46
Plate 8775,B07,FL1-H,37,42.43,25.57,0.47,2.42
Plate 8775,B07,FL2-H,53,77.74,96.97,-0.9,13.37
Plate 8775,B07,FL4-H,96,97.39,99.43,-0.18,25.33
Plate 8775,B08,FL1-H,60,59.22,99.46,-4.95,25.79
Plate 8775,B08,FL2-H,28,53.02,48.96,0.2,3.56
Plate 8775,B08,FL4-H,18,3.38,1.29,0.26,0.7
Plate 8775,B09,FL1-H,29,28.92,16.07,0.45,1.94
Plate 8775,B09,FL2-H,21,42.7,38.99,0.2,3.05
Plate 8775,B09,FL4-H,11,0.68,4.84,-0.04,1.18
Plate 8775,B10,FL1-H,19,15.15,5.07,0.54,1.2
Plate 8775,B10,FL2-H,0,0.62,1.12,0.11,0.67
Plate 8775,B10,FL4-H,0,0.11,2.73,-0.03,0.94
Plate 8775,B11,FL1-H,0,0.43,1.26,0.02,0.7
Plate 8775,B11,FL2-H,0,0.13,1.35,0.01,0.72
Plate 8775,B11,FL4-H,0,0.06,0.24,0.08,0.37
Plate 8775,B12,FL2-H,14,3.99,7.26,0,1.38
Plate 8775,B12,FL3-H,7,9.32,1.52,0.68,0.75
Plate 8775,B12,FL4-H,4,1.55,0.12,0.62,0.29
Plate 8775,C01,FL2-H,2,3.53,5.8,0.05,1.26
Plate 8775,C01,FL3-H,13,2.08,0.56,0.3,0.51
Plate 8775,C01,FL4-H,1,0.06,0.51,0.05,0.5
Plate 8775,C02,FL2-H,13,4.1,10.96,-0.08,1.64
Plate 8775,C02,FL3-H,99,99.94,99.99,0.13,123.56
Plate 8775,C02,FL4-H,56,51.39,51.34,0.11,3.69
Plate 8775,C03,FL2-H,75,92.02,92.16,0.12,9.16
Plate 8775,C03,FL3-H,14,2.33,0.99,0.21,0.64
Plate 8775,C03,FL4-H,26,19.66,16.23,0.21,1.95
Plate 8775,C04,FL2-H,25,57.45,53.13,0.19,3.79
Plate 8775,C04,FL3-H,1,0.86,4.96,-0.05,1.19
Plate 8775,C04,FL4-H,93,94.44,94.51,0.1,10.58
Plate 8775,C05,FL1-H,1,0.26,2.32,-0.02,0.88
Plate 8775,C05,FL2-H,28,47.01,45.39,0.15,3.37
Plate 8775,C05,FL4-H,25,13.88,16.89,0.05,1.98
Plate 8775,C06,FL1-H,1,6.67,6.49,0.14,1.32
Plate 8775,C06,FL2-H,29,86.21,82.6,0.2,6.51
Plate 8775,C06,FL4-H,3,6.77,6.35,0.15,1.31
Plate 8775,C07,FL1-H,35,98.86,85.77,0.47,7.12
Plate 8775,C07,FL2-H,6,34.34,33.49,0.13,2.79
Plate 8775,C07,FL4-H,8,10.16,10.5,0.11,1.61
Plate 8775,C08,FL1-H,0,1.88,1.88,0.13,0.81
Plate 8775,C08,FL2-H,22,51.92,48.36,0.19,3.53
Plate 8775,C08,FL4-H,0,0.38,1.09,0.02,0.66
Plate 8775,C09,FL1-H,0,3.64,0.64,0.51,0.54
Plate 8775,C09,FL2-H,48,54.18,51.94,0.16,3.72
Plate 8775,C09,FL4-H,79,89.81,98.14,-0.44,16.15
Plate 8775,C10,FL1-H,9,14.2,3.6,0.64,1.05
Plate 8775,C10,FL2-H,94,98.29,97.54,0.15,14.5
Plate 8775,C10,FL4-H,0,0.08,0.28,0.07,0.4
Plate 8775,C11,FL1-H,13,20.61,15.59,0.26,1.91
Plate 8775,C11,FL2-H,31,43.72,39.56,0.2,3.08
Plate 8775,C11,FL4-H,0,8.54,0.88,0.92,0.61
Plate 8775,C12,FL1-H,10,2.47,3.06,0.06,0.98
Plate 8775,C12,FL2-H,3,1.73,5.3,-0.02,1.22
Plate 8775,C12,FL4-H,21,13.51,16.23,0.06,1.95
Plate 8775,D01,FL1-H,28,25.77,8.84,0.68,1.5
Plate 8775,D01,FL2-H,3,1.77,6.79,-0.05,1.35
Plate 8775,D01,FL4-H,0,4.8,0.93,0.51,0.62
Plate 8775,D02,FL1-H,0,0.06,0.9,0.03,0.61
Plate 8775,D02,FL2-H,50,66.69,66.78,0.12,4.7
Plate 8775,D02,FL4-H,49,1.03,4.04,-0.02,1.09
Plate 8775,D03,FL1-H,14,59.41,53.13,0.23,3.79
Plate 8775,D03,FL2-H,10,2.09,8.84,-0.1,1.5
Plate 8775,D03,FL4-H,0,0.04,0.58,0.05,0.52
Plate 8775,D04,FL1-H,4,12.25,12.18,0.12,1.72
Plate 8775,D04,FL2-H,3,2.71,8.1,-0.05,1.45
Plate 8775,D04,FL4-H,0,1.08,0.44,0.2,0.47
Plate 8775,D05,FL1-H,1,1.89,5.42,-0.02,1.23
Plate 8775,D05,FL2-H,2,5.34,2.16,0.3,0.86
Plate 8775,D05,FL4-H,53,69.18,96.83,-1.34,13.13
Plate 8775,D06,FL1-H,47,76.5,72.33,0.2,5.19
Plate 8775,D06,FL2-H,32,49.5,44.21,0.21,3.31
Plate 8775,D06,FL4-H,30,61.89,66.78,0.03,4.7
Plate 8775,D07,FL1-H,19,22.6,13.24,0.39,1.78
Plate 8775,D07,FL2-H,29,24.66,11.68,0.5,1.69
Plate 8775,D07,FL4-H,61,58.19,60.72,0.07,4.26
Plate 8775,D08,FL1-H,21,42.59,26.96,0.45,2.48
Plate 8775,D08,FL2-H,93,96.29,99.81,-0.69,38.68
Plate 8775,D08,FL4-H,32,13.38,9.23,0.24,1.53
Plate 8775,D09,FL1-H,0,0.07,1.38,0.01,0.72
Plate 8775,D09,FL2-H,7,0.2,4.32,-0.08,1.12
Plate 8775,D09,FL4-H,13,0.34,4.32,-0.08,1.12
Plate 8775,D10,FL1-H,18,10.94,4.22,0.43,1.11
Plate 8775,D10,FL2-H,12,14.7,15.28,0.11,1.9
Plate 8775,D10,FL4-H,6,1.87,6.79,-0.05,1.35
Plate 8775,D11,FL1-H,7,6.36,1.86,0.4,0.81
Plate 8775,D11,FL2-H,5,5.61,11.68,-0.04,1.69
Plate 8775,D11,FL4-H,5,5.78,0.42,0.91,0.46
Plate 8775,D12,FL1-H,50,60.38,97.6,-2.14,14.63
Plate 8775,D12,FL2-H,14,0.25,3.6,-0.06,1.05
Plate 8775,D12,FL4-H,28,19.14,3.06,0.97,0.98
Plate 8775,E01,FL1-H,14,3.88,1.15,0.37,0.67
Plate 8775,E01,FL2-H,11,2.43,9.64,-0.12,1.55
Plate 8775,E01,FL4-H,2,4.66,0.09,1.59,0.26
Plate 8775,E02,FL1-H,11,2.29,3.06,0.06,0.98
Plate 8775,E02,FL2-H,55,68.43,68.86,0.1,4.88
Plate 8775,E02,FL4-H,0,1.41,1.92,0.06,0.82
Plate 8775,E03,FL1-H,90,89.01,99.65,-1.55,30.61
Plate 8775,E03,FL2-H,30,31.41,31.39,0.11,2.69
Plate 8775,E03,FL4-H,99,99.9,99.99,0.13,131.6
Plate 8775,E04,FL1-H,61,75.3,92.33,-0.48,9.24
Plate 8775,E04,FL2-H,50,65.88,58.42,0.26,4.11
Plate 8775,E04,FL4-H,54,49.07,52.53,0.06,3.76
Plate 8775,E05,FL1-H,97,99.93,98.84,0.22,19.34
Plate 8775,E05,FL2-H,70,93.83,89.38,0.26,8.07
Plate 8775,E05,FL4-H,52,54.84,64.63,-0.06,4.54
Plate 8775,E06,FL1-H,93,99.82,98.39,0.24,17.05
Plate 8775,E06,FL2-H,21,68.12,71.36,0.05,5.1
Plate 8775,E06,FL4-H,68,82.34,99.64,-2.58,30.06
Plate 8775,E07,FL1-H,93,99.88,99.68,0.17,31.45
Plate 8775,E07,FL2-H,0,9.22,14.67,-0.03,1.86
Plate 8775,E07,FL4-H,53,17.9,23.37,0,2.31
Plate 8775,E08,FL1-H,0,2.59,4.84,0.04,1.18
Plate 8775,E08,FL2-H,0,15.12,18.63,0.03,2.07
Plate 8775,E08,FL4-H,0,57.87,65.17,-0.02,4.58
Plate 8775,E09,FL1-H,50,72.25,80.07,-0.07,6.11
Plate 8775,E09,FL2-H,26,40.1,36.19,0.19,2.92
Plate 8775,E09,FL4-H,0,0.08,1.02,0.03,0.64
Plate 8775,E10,FL1-H,96,99.98,98.89,0.22,19.69
Plate 8775,E10,FL2-H,68,81.1,76.84,0.21,5.68
Plate 8775,E10,FL4-H,36,52.21,65.71,-0.15,4.62
Plate 8775,E11,FL1-H,0,1.03,4.42,-0.03,1.13
Plate 8775,E11,FL2-H,0,6.1,6.49,0.1,1.32
Plate 8775,E11,FL4-H,18,0.75,2.32,0.04,0.88
Plate 8775,E12,FL1-H,11,15.2,2.66,0.83,0.93
Plate 8775,E12,FL2-H,95,99.72,99.94,0.14,59.59
Plate 8775,E12,FL4-H,0,0.16,0.08,0.09,0.25
Plate 8775,F01,FL1-H,66,90.64,89.38,0.17,8.07
Plate 8775,F01,FL2-H,10,8.6,7.92,0.16,1.43
Plate 8775,F01,FL4-H,0,0.04,0.4,0.06,0.45
Plate 8775,F02,FL1-H,97,99.81,99.66,0.17,30.88
Plate 8775,F02,FL2-H,35,54.36,53.72,0.13,3.82
Plate 8775,F02,FL4-H,7,4.92,4.42,0.15,1.13
Plate 8775,F03,FL1-H,39,74.62,82.94,-0.07,6.56
Plate 8775,F03,FL2-H,81,91.99,99.48,-0.84,26.26
Plate 8775,F03,FL4-H,90,97.73,98.92,0.04,19.87
Plate 8775,F04,FL1-H,13,5.53,3.6,0.24,1.05
Plate 8775,F04,FL2-H,93,99.91,99.48,0.19,26.26
Plate 8775,F04,FL4-H,0,0.11,1.92,-0.01,0.82
Plate 8775,F05,FL1-H,13,5.57,7.42,0.07,1.4
Plate 8775,F05,FL2-H,11,44.98,44.8,0.12,3.34
Plate 8775,F05,FL4-H,11,0.17,0.68,0.04,0.55
Plate 8775,F06,FL1-H,0,0.63,1.48,0.08,0.74
Plate 8775,F06,FL2-H,82,87.19,99.99,-10.75,108.44
Plate 8775,F06,FL4-H,38,13.92,16.56,0.06,1.96
Plate 8775,F07,FL1-H,5,7.79,2.21,0.48,0.87
Plate 8775,F07,FL2-H,0,2,1.38,0.17,0.72
Plate 8775,F07,FL4-H,0,0.17,0.84,0.04,0.6
Plate 8775,F08,FL1-H,18,30.94,22.53,0.31,2.27
Plate 8775,F08,FL2-H,19,22.34,6.49,0.7,1.32
Plate 8775,F08,FL4-H,0,3.07,0.15,0.81,0.31
Plate 8775,F09,FL1-H,0,7.24,1.15,0.63,0.67
Plate 8775,F09,FL2-H,7,3.54,7.58,0,1.41
Plate 8775,F09,FL4-H,48,43.15,43.62,0.11,3.28
Plate 8775,F10,FL1-H,0,0.23,0.86,0.03,0.6
Plate 8775,F10,FL2-H,76,82.46,96.52,-0.61,12.67
Plate 8775,F10,FL4-H,0,0.13,1.02,0.03,0.64
Plate 8775,F11,FL1-H,23,20.3,9.43,0.45,1.54
Plate 8775,F11,FL2-H,74,77.65,69.37,0.29,4.92
Plate 8775,F11,FL4-H,16,12.49,3.94,0.5,1.08
Plate 8775,F12,FL1-H,47,56.48,42.45,0.37,3.22
Plate 8775,F12,FL2-H,16,0.39,4.42,-0.08,1.13
Plate 8775,F12,FL4-H,1,0.25,2.54,-0.03,0.91
Plate 8775,G01,FL1-H,50,70.72,51.94,0.47,3.72
Plate 8775,G01,FL2-H,38,57.59,54.91,0.18,3.89
Plate 8775,G01,FL4-H,0,0.15,1.75,0,0.79
Plate 8775,G02,FL1-H,79,97.58,93.72,0.28,10.02
Plate 8775,G02,FL2-H,17,20.09,21.7,0.08,2.23
Plate 8775,G02,FL4-H,35,63.69,71.36,-0.03,5.1
Plate 8775,G03,FL1-H,7,0.13,1.32,0.01,0.71
Plate 8775,G03,FL2-H,35,58.82,53.72,0.22,3.82
Plate 8775,G03,FL4-H,41,23.52,30.88,-0.02,2.67
Plate 9206,B01,FL1-H,5,1.93,7.2,0.04,1.39
Plate 9206,B01,FL2-H,0,0.3,0.69,0.09,0.57
Plate 9206,B01,FL4-H,0,0,1.01,0.09,0.65
Plate 9206,B02,FL1-H,13,14.49,4.94,0.31,1.2
Plate 9206,B02,FL2-H,82,90.37,91.15,0.11,8.52
Plate 9206,B02,FL4-H,0,0.12,1.8,0.07,0.81
Plate 9206,B03,FL1-H,25,16.92,7.12,0.3,1.38
Plate 9206,B03,FL2-H,0,1.73,4.2,0.08,1.12
Plate 9206,B03,FL4-H,0,0.96,1.63,0.11,0.78
Plate 9206,B04,FL1-H,0,0.15,3.17,0.05,1.01
Plate 9206,B04,FL2-H,3,15.59,20.49,0.08,2.17
Plate 9206,B04,FL4-H,48,54.44,76.27,-0.1,5.53
Plate 9206,B05,FL1-H,4,4.28,3.1,0.15,1
Plate 9206,B05,FL2-H,2,6.03,9.71,0.08,1.57
Plate 9206,B05,FL4-H,7,4.82,0.9,0.32,0.63
Plate 9206,B06,FL1-H,72,79.18,99.72,-1.58,31.73
Plate 9206,B06,FL2-H,9,30.88,23.83,0.2,2.33
Plate 9206,B06,FL4-H,59,39.71,44.63,0.09,3.31
Plate 9206,B07,FL1-H,50,49.49,36.46,0.24,2.92
Plate 9206,B07,FL2-H,66,80.33,98.52,-0.54,17.05
Plate 9206,B07,FL4-H,99,99.52,99.9,0.14,45.9
Plate 9206,B08,FL1-H,44,50.25,58.48,0.06,4.07
Plate 9206,B08,FL2-H,5,16.62,12.85,0.18,1.76
Plate 9206,B08,FL4-H,14,7.91,1.01,0.43,0.65
Plate 9206,B09,FL1-H,22,14.62,8.7,0.23,1.5
Plate 9206,B09,FL2-H,3,16.13,15.82,0.13,1.93
Plate 9206,B09,FL4-H,6,1.33,3.74,0.07,1.07
Plate 9206,B10,FL1-H,21,22.27,4.66,0.49,1.17
Plate 9206,B10,FL2-H,1,0.82,2.02,0.1,0.85
Plate 9206,B10,FL4-H,0,0.33,1.35,0.08,0.73
Plate 9206,B11,FL1-H,0,0.18,1.89,0.07,0.83
Plate 9206,B11,FL2-H,0,0.83,1.76,0.11,0.81
Plate 9206,B11,FL4-H,0,0.03,0.47,0.1,0.49
Plate 9206,B12,FL2-H,2,6.45,11.31,0.06,1.67
Plate 9206,B12,FL3-H,7,8.66,1.56,0.39,0.77
Plate 9206,B12,FL4-H,0,0.63,0.73,0.14,0.58
Plate 9206,C01,FL2-H,2,2.73,3.92,0.11,1.09
Plate 9206,C01,FL3-H,1,1.03,1.01,0.13,0.65
Plate 9206,C01,FL4-H,0,0,0.76,0.09,0.59
Plate 9206,C02,FL2-H,2,7.7,14.27,0.05,1.84
Plate 9206,C02,FL3-H,98,99.91,100,0.13,166.31
Plate 9206,C02,FL4-H,0,0.09,0.07,0.12,0.24
Plate 9206,C03,FL2-H,8,64.41,60.23,0.16,4.19
Plate 9206,C03,FL3-H,1,0.85,1.84,0.1,0.82
Plate 9206,C03,FL4-H,27,22.59,11.8,0.28,1.7
Plate 9206,C04,FL2-H,2,31.87,30.53,0.14,2.64
Plate 9206,C04,FL3-H,1,4.37,7.44,0.07,1.41
Plate 9206,C04,FL4-H,98,98.61,98.38,0.15,16.44
Plate 9206,C05,FL1-H,0,0.24,3.57,0.05,1.06
Plate 9206,C05,FL2-H,7,36.27,33.43,0.15,2.78
Plate 9206,C05,FL4-H,13,16.87,22.12,0.08,2.25
Plate 9206,C06,FL1-H,3,4.31,7.12,0.08,1.38
Plate 9206,C06,FL2-H,35,77.87,73.53,0.17,5.24
Plate 9206,C06,FL4-H,9,9.76,7.12,0.18,1.38
Plate 9206,C07,FL1-H,96,99.29,89.57,0.26,7.97
Plate 9206,C07,FL2-H,17,31.31,25.18,0.19,2.39
Plate 9206,C07,FL4-H,76,75.66,82.22,0.06,6.33
Plate 9206,C08,FL1-H,2,3.89,2.63,0.17,0.94
Plate 9206,C08,FL2-H,13,37.11,33.97,0.16,2.8
Plate 9206,C08,FL4-H,4,4.43,1.14,0.25,0.69
Plate 9206,C09,FL1-H,5,5.09,1.29,0.27,0.72
Plate 9206,C09,FL2-H,37,53.53,54,0.13,3.81
Plate 9206,C09,FL4-H,83,86.34,99.74,-1.05,32.6
Plate 9206,C10,FL1-H,11,10.4,3.4,0.29,1.04
Plate 9206,C10,FL2-H,56,78.34,75.38,0.16,5.43
Plate 9206,C10,FL4-H,0,0.12,0.72,0.09,0.58
Plate 9206,C11,FL1-H,12,29.85,23.4,0.2,2.31
Plate 9206,C11,FL2-H,3,19.9,20.89,0.12,2.19
Plate 9206,C11,FL4-H,8,9.41,1.14,0.45,0.69
Plate 9206,C12,FL1-H,2,3.76,6.96,0.08,1.37
Plate 9206,C12,FL2-H,1,8.65,12.72,0.08,1.76
Plate 9206,C12,FL4-H,10,13.86,18.95,0.07,2.09
Plate 9206,D01,FL1-H,27,27.87,17.16,0.26,2
Plate 9206,D01,FL2-H,0,0.67,3.83,0.07,1.08
Plate 9206,D01,FL4-H,2,3.48,1.29,0.2,0.72
Plate 9206,D02,FL1-H,0,0.15,1.89,0.07,0.83
Plate 9206,D02,FL2-H,3,42.4,36.46,0.18,2.92
Plate 9206,D02,FL4-H,3,3.02,5.67,0.08,1.26
Plate 9206,D03,FL1-H,45,47.99,35.07,0.25,2.85
Plate 9206,D03,FL2-H,1,1.57,4.94,0.07,1.2
Plate 9206,D03,FL4-H,0,0,0.47,0.1,0.49
Plate 9206,D04,FL1-H,3,3.85,6.21,0.09,1.31
Plate 9206,D04,FL2-H,0,2.47,5.42,0.06,1.24
Plate 9206,D04,FL4-H,4,4.26,0.67,0.31,0.56
Plate 9206,D05,FL1-H,0,0.48,4.2,0.04,1.12
Plate 9206,D05,FL2-H,1,2.39,3.48,0.09,1.05
Plate 9206,D05,FL4-H,69,77.53,99.75,-1.78,33.19
Plate 9206,D06,FL1-H,32,64.25,53.1,0.23,3.76
Plate 9206,D06,FL2-H,25,43.7,36.46,0.2,2.92
Plate 9206,D06,FL4-H,66,74.54,93.23,-0.19,9.5
Plate 9206,D07,FL1-H,17,19.31,12.06,0.22,1.72
Plate 9206,D07,FL2-H,41,47.38,41.36,0.18,3.15
Plate 9206,D07,FL4-H,80,77.83,84.88,0.05,6.81
Plate 9206,D08,FL1-H,48,58.07,55.51,0.15,3.89
Plate 9206,D08,FL2-H,85,93.19,97.86,-0.02,14.83
Plate 9206,D08,FL4-H,14,23.76,32.63,0.05,2.74
Plate 9206,D09,FL1-H,0,0.03,1.76,0.07,0.81
Plate 9206,D09,FL2-H,0,0.5,4.2,0.06,1.12
Plate 9206,D09,FL4-H,3,1.56,4.01,0.09,1.1
Plate 9206,D10,FL1-H,12,12.41,4.2,0.3,1.12
Plate 9206,D10,FL2-H,4,13.52,10.6,0.18,1.63
Plate 9206,D10,FL4-H,2,1.29,4.5,0.06,1.15
Plate 9206,D11,FL1-H,6,7.35,6.28,0.14,1.32
Plate 9206,D11,FL2-H,3,9.24,10.26,0.11,1.6
Plate 9206,D11,FL4-H,8,16.67,18.4,0.11,2.06
Plate 9206,D12,FL1-H,43,48.11,12.58,0.6,1.75
Plate 9206,D12,FL2-H,1,6.56,9.71,0.09,1.57
Plate 9206,D12,FL4-H,52,53.05,60.81,0.06,4.22
Plate 9206,E01,FL1-H,1,0.83,1.71,0.11,0.8
Plate 9206,E01,FL2-H,1,3.35,8.32,0.05,1.47
Plate 9206,E01,FL4-H,6,6.97,0.15,0.91,0.32
Plate 9206,E02,FL1-H,1,1.64,2.96,0.11,0.98
Plate 9206,E02,FL2-H,12,23.65,22.54,0.15,2.27
Plate 9206,E02,FL4-H,1,1.11,1.71,0.11,0.8
Plate 9206,E03,FL1-H,92,91.28,99.7,-0.56,30.88
Plate 9206,E03,FL2-H,8,24.75,24.05,0.14,2.34
Plate 9206,E03,FL4-H,98,99.5,100,0.13,158.99
Plate 9206,E04,FL1-H,48,55.87,48.25,0.2,3.5
Plate 9206,E04,FL2-H,24,53.04,49.46,0.16,3.56
Plate 9206,E04,FL4-H,70,74.08,99.92,-3.86,50.45
Plate 9206,E05,FL1-H,99,99.91,98.84,0.18,18.65
Plate 9206,E05,FL2-H,75,87.85,85.5,0.16,6.93
Plate 9206,E05,FL4-H,90,91.63,98.25,-0.08,16.01
Plate 9206,E06,FL1-H,99,100,98.72,0.18,17.99
Plate 9206,E06,FL2-H,32,60.85,60.81,0.13,4.22
Plate 9206,E06,FL4-H,77,83.86,99.96,-3.3,64.62
Plate 9206,E07,FL1-H,97,99.77,99.91,0.14,49.32
Plate 9206,E07,FL2-H,1,36.74,27.05,0.23,2.48
Plate 9206,E07,FL4-H,74,69.5,82.22,-0.02,6.33
Plate 9206,E08,FL1-H,0,1.28,5.05,0.05,1.21
Plate 9206,E08,FL2-H,2,3.15,9.09,0.04,1.53
Plate 9206,E08,FL4-H,88,89.78,98.13,-0.13,15.58
Plate 9206,E09,FL1-H,37,56.48,48.86,0.19,3.53
Plate 9206,E09,FL2-H,6,34.53,31.83,0.16,2.7
Plate 9206,E09,FL4-H,0,0.36,1.11,0.08,0.68
Plate 9206,E10,FL1-H,96,99.55,98.69,0.18,17.83
Plate 9206,E10,FL2-H,3,30,30.02,0.13,2.62
Plate 9206,E10,FL4-H,52,57.34,88.99,-0.32,7.79
Plate 9206,E11,FL1-H,0,0.51,2.51,0.09,0.92
Plate 9206,E11,FL2-H,1,5.91,7.61,0.1,1.42
Plate 9206,E11,FL4-H,1,0.31,0.92,0.09,0.63
Plate 9206,E12,FL1-H,12,11.15,4.5,0.27,1.15
Plate 9206,E12,FL2-H,96,99.17,99.99,-0.32,112.42
Plate 9206,E12,FL4-H,1,1.31,1.38,0.12,0.74
Plate 9206,F01,FL1-H,68,82.31,87.74,0.05,7.45
Plate 9206,F01,FL2-H,7,12.33,8.51,0.18,1.49
Plate 9206,F01,FL4-H,0,0.18,0.55,0.1,0.52
Plate 9206,F02,FL1-H,99,99.91,99.75,0.15,32.89
Plate 9206,F02,FL2-H,29,46.44,41.66,0.17,3.17
Plate 9206,F02,FL4-H,8,7.36,2.82,0.24,0.96
Plate 9206,F03,FL1-H,68,79.19,86.94,0.03,7.25
Plate 9206,F03,FL2-H,76,90.42,99.06,-0.28,20.23
Plate 9206,F03,FL4-H,96,98.57,99.66,0.08,29.52
Plate 9206,F04,FL1-H,6,5.79,4.01,0.17,1.1
Plate 9206,F04,FL2-H,95,99.53,98.75,0.18,18.16
Plate 9206,F04,FL4-H,0,0.3,1.89,0.07,0.83
Plate 9206,F05,FL1-H,1,1.93,6.96,0.05,1.37
Plate 9206,F05,FL2-H,5,32.54,31.57,0.14,2.69
Plate 9206,F05,FL4-H,0,0.5,0.86,0.09,0.61
Plate 9206,F06,FL1-H,0,1.04,3.74,0.07,1.07
Plate 9206,F06,FL2-H,86,89.05,100,-12.16,219.85
Plate 9206,F06,FL4-H,69,51.7,55.51,0.1,3.89
Plate 9206,F07,FL1-H,5,7,2.51,0.26,0.92
Plate 9206,F07,FL2-H,0,2.37,1.89,0.13,0.83
Plate 9206,F07,FL4-H,0,0.46,1.04,0.09,0.66
Plate 9206,F08,FL1-H,7,17.94,17.16,0.14,2
Plate 9206,F08,FL2-H,29,34.94,15.5,0.37,1.91
Plate 9206,F08,FL4-H,16,11.74,0.48,0.86,0.5
Plate 9206,F09,FL1-H,2,6.38,2.28,0.24,0.89
Plate 9206,F09,FL2-H,1,2.6,4.1,0.11,1.11
Plate 9206,F09,FL4-H,60,52.27,61.96,0.04,4.3
Plate 9206,F10,FL1-H,0,0.22,1.63,0.07,0.78
Plate 9206,F10,FL2-H,71,82.93,95.42,-0.13,11.07
Plate 9206,F10,FL4-H,0,0.73,1.11,0.13,0.68
Plate 9206,F11,FL1-H,2,1.62,3.74,0.09,1.07
Plate 9206,F11,FL2-H,19,20.74,14.88,0.21,1.88
Plate 9206,F11,FL4-H,41,39.09,19.71,0.34,2.13
Plate 9206,F12,FL1-H,71,47.02,33.7,0.25,2.79
Plate 9206,F12,FL2-H,1,15.06,13.69,0.15,1.81
Plate 9206,F12,FL4-H,2,2.66,6.96,0.06,1.37
Plate 9206,G01,FL1-H,96,96.19,84.25,0.27,6.68
Plate 9206,G01,FL2-H,3,58.44,51.28,0.19,3.66
Plate 9206,G01,FL4-H,5,5.26,10.15,0.06,1.6
Plate 9206,G02,FL1-H,85,79.68,74.93,0.18,5.38
Plate 9206,G02,FL2-H,4,8.89,13.41,0.07,1.8
Plate 9206,G02,FL4-H,9,31.99,40.48,0.05,3.11
Plate 9206,G03,FL1-H,0,0.2,1.71,0.07,0.8
Plate 9206,G03,FL2-H,6,26.48,23.4,0.16,2.31
Plate 9206,G03,FL4-H,16,14.74,19.9,0.08,2.14
Plate 9207,B01,FL1-H,1,3.32,8.14,0.03,1.46
Plate 9207,B01,FL2-H,0,0.18,0.77,0.08,0.58
Plate 9207,B01,FL4-H,0,0.06,1.17,0.07,0.69
Plate 9207,B02,FL1-H,14,16.47,4.24,0.44,1.12
Plate 9207,B02,FL2-H,81,92.61,91.39,0.16,8.84
Plate 9207,B02,FL4-H,0,22.19,21.43,0.13,2.23
Plate 9207,B03,FL1-H,23,18.96,8.88,0.32,1.51
Plate 9207,B03,FL2-H,0,1.63,4.24,0.07,1.12
Plate 9207,B03,FL4-H,0,0.73,1.71,0.1,0.79
Plate 9207,B04,FL1-H,0,0.35,3.14,0.03,1
Plate 9207,B04,FL2-H,1,19.1,19.11,0.13,2.11
Plate 9207,B04,FL4-H,37,54.06,71.63,-0.08,5.15
Plate 9207,B05,FL1-H,4,4.63,3.52,0.17,1.05
Plate 9207,B05,FL2-H,1,5.71,8.69,0.08,1.5
Plate 9207,B05,FL4-H,6,3.52,0.88,0.3,0.61
Plate 9207,B06,FL1-H,70,74.88,99.77,-2.63,35.67
Plate 9207,B06,FL2-H,1,24.63,19.11,0.21,2.11
Plate 9207,B06,FL4-H,48,33.35,39.8,0.05,3.11
Plate 9207,B07,FL1-H,44,52.25,41.53,0.24,3.19
Plate 9207,B07,FL2-H,72,81.52,98,-0.48,15.72
Plate 9207,B07,FL4-H,99,99.34,99.84,0.01,41.2
Plate 9207,B08,FL1-H,45,50.7,87.07,-0.45,7.45
Plate 9207,B08,FL2-H,2,11.57,11.25,0.14,1.67
Plate 9207,B08,FL4-H,12,6.13,0.97,0.4,0.64
Plate 9207,B09,FL1-H,17,14.09,10.11,0.2,1.6
Plate 9207,B09,FL2-H,1,12.24,13.87,0.1,1.83
Plate 9207,B09,FL4-H,3,1,3.61,0.05,1.06
Plate 9207,B10,FL1-H,16,20.16,4.54,0.52,1.15
Plate 9207,B10,FL2-H,0,0.72,1.63,0.1,0.78
Plate 9207,B10,FL4-H,0,0.15,1.52,0.06,0.76
Plate 9207,B11,FL1-H,0,0.12,1.97,0.05,0.84
Plate 9207,B11,FL2-H,0,0.69,2.49,0.08,0.91
Plate 9207,B11,FL4-H,0,0,0.35,0.1,0.43
Plate 9207,B12,FL2-H,2,5.4,7.96,0.07,1.45
Plate 9207,B12,FL3-H,7,8.01,1.56,0.4,0.76
Plate 9207,B12,FL4-H,0,0.21,0.11,0.11,0.28
Plate 9207,C01,FL2-H,2,4.17,4.97,0.1,1.2
Plate 9207,C01,FL3-H,0,1.11,1.02,0.13,0.65
Plate 9207,C01,FL4-H,0,0.06,0.52,0.09,0.5
Plate 9207,C02,FL2-H,2,9.98,16.65,0.03,1.98
Plate 9207,C02,FL3-H,99,99.73,100,0.13,169.33
Plate 9207,C02,FL4-H,0,0.06,0.01,0.12,0.12
Plate 9207,C03,FL2-H,5,64.77,58.71,0.2,4.15
Plate 9207,C03,FL3-H,0,0.91,2.55,0.07,0.92
Plate 9207,C03,FL4-H,21,19.76,12.51,0.25,1.75
Plate 9207,C04,FL2-H,1,38.67,33.16,0.19,2.79
Plate 9207,C04,FL3-H,1,5.36,9.48,0.05,1.55
Plate 9207,C04,FL4-H,93,94.91,96.43,0.09,12.55
Plate 9207,C05,FL1-H,0,0.24,3.78,0.02,1.07
Plate 9207,C05,FL2-H,3,34.49,30.56,0.17,2.67
Plate 9207,C05,FL4-H,9,19.36,24.38,0.06,2.37
Plate 9207,C06,FL1-H,1,3.78,8.69,0.04,1.5
Plate 9207,C06,FL2-H,36,75.42,69.65,0.19,4.97
Plate 9207,C06,FL4-H,8,8.36,7.45,0.14,1.41
Plate 9207,C07,FL1-H,96,99.32,91.2,0.27,8.76
Plate 9207,C07,FL2-H,17,26.73,22.25,0.19,2.27
Plate 9207,C07,FL4-H,66,61.23,71.14,0.01,5.1
Plate 9207,C08,FL1-H,3,3.86,2.73,0.17,0.95
Plate 9207,C08,FL2-H,12,32.84,28.08,0.19,2.55
Plate 9207,C08,FL4-H,3,3.72,1.23,0.26,0.7
Plate 9207,C09,FL1-H,6,5.37,1.48,0.28,0.75
Plate 9207,C09,FL2-H,32,54.6,55.78,0.12,3.96
Plate 9207,C09,FL4-H,84,87.07,99.36,-0.7,24.22
Plate 9207,C10,FL1-H,10,10.6,3.37,0.35,1.03
Plate 9207,C10,FL2-H,72,82.33,80.29,0.15,6.16
Plate 9207,C10,FL4-H,0,0,0.21,0.1,0.36
Plate 9207,C11,FL1-H,16,31.48,23.94,0.22,2.35
Plate 9207,C11,FL2-H,2,8.68,11.74,0.08,1.7
Plate 9207,C11,FL4-H,8,9.45,0.96,0.57,0.63
Plate 9207,C12,FL1-H,3,3.5,7.13,0.04,1.38
Plate 9207,C12,FL2-H,0,1.58,4.05,0.07,1.1
Plate 9207,C12,FL4-H,9,15.22,16.99,0.1,2
Plate 9207,D01,FL1-H,44,29.45,18.38,0.27,2.07
Plate 9207,D01,FL2-H,0,1.3,5.09,0.03,1.21
Plate 9207,D01,FL4-H,2,2.61,0.97,0.24,0.64
Plate 9207,D02,FL1-H,0,0.03,1.17,0.07,0.69
Plate 9207,D02,FL2-H,2,22.27,26.19,0.08,2.46
Plate 9207,D02,FL4-H,3,0.86,2.93,0.07,0.97
Plate 9207,D03,FL1-H,43,47.96,36.41,0.26,2.95
Plate 9207,D03,FL2-H,1,2.02,5.32,0.05,1.23
Plate 9207,D03,FL4-H,0,0.06,0.58,0.09,0.52
Plate 9207,D04,FL1-H,0,3.84,7.62,0.05,1.42
Plate 9207,D04,FL2-H,0,2.41,5.83,0.04,1.28
Plate 9207,D04,FL4-H,3,3.37,0.65,0.28,0.55
Plate 9207,D05,FL1-H,0,0.49,5.32,0,1.23
Plate 9207,D05,FL2-H,1,2.28,3.37,0.09,1.03
Plate 9207,D05,FL4-H,68,74.05,99.47,-1.74,26.03
Plate 9207,D06,FL1-H,40,69.4,60.44,0.22,4.26
Plate 9207,D06,FL2-H,24,39.35,29.06,0.24,2.6
Plate 9207,D06,FL4-H,64,70.97,83.48,-0.05,6.68
Plate 9207,D07,FL1-H,19,20.23,13.59,0.23,1.81
Plate 9207,D07,FL2-H,41,46.75,39.23,0.21,3.08
Plate 9207,D07,FL4-H,63,60.78,67.06,0.06,4.75
Plate 9207,D08,FL1-H,55,53.98,49.23,0.18,3.59
Plate 9207,D08,FL2-H,71,91.14,94.96,0.03,10.97
Plate 9207,D08,FL4-H,12,18,17.33,0.14,2.02
Plate 9207,D09,FL1-H,0,0.03,2.11,0.05,0.86
Plate 9207,D09,FL2-H,0,1.08,4.64,0.03,1.17
Plate 9207,D09,FL4-H,4,2.26,5.44,0.05,1.24
Plate 9207,D10,FL1-H,12,12.89,4.97,0.32,1.2
Plate 9207,D10,FL2-H,5,11.13,10.56,0.13,1.63
Plate 9207,D10,FL4-H,2,1.45,5.7,0.02,1.26
Plate 9207,D11,FL1-H,4,5.41,2.27,0.23,0.88
Plate 9207,D11,FL2-H,1,2.59,5.09,0.08,1.21
Plate 9207,D11,FL4-H,2,2.72,0.43,0.34,0.47
Plate 9207,D12,FL1-H,43,46.5,10.78,0.75,1.64
Plate 9207,D12,FL2-H,0,3.78,5.96,0.08,1.29
Plate 9207,D12,FL4-H,44,44.3,35.86,0.22,2.92
Plate 9207,E01,FL1-H,0,0.87,1.97,0.09,0.84
Plate 9207,E01,FL2-H,1,3.6,7.79,0.05,1.43
Plate 9207,E01,FL4-H,4,4.86,0.19,0.72,0.34
Plate 9207,E02,FL1-H,0,1.28,2.43,0.08,0.91
Plate 9207,E02,FL2-H,12,22.11,22.25,0.12,2.27
Plate 9207,E02,FL4-H,1,0.7,1.2,0.12,0.69
Plate 9207,E03,FL1-H,90,90.11,99.55,-0.63,27.72
Plate 9207,E03,FL2-H,6,28.72,24.38,0.18,2.37
Plate 9207,E03,FL4-H,96,99.25,99.99,-0.34,106.03
Plate 9207,E04,FL1-H,47,53.78,42.7,0.25,3.25
Plate 9207,E04,FL2-H,14,38.9,36.97,0.15,2.97
Plate 9207,E04,FL4-H,67,72.73,99.8,-3.07,37.65
Plate 9207,E05,FL1-H,99,99.85,98.63,0.19,18.16
Plate 9207,E05,FL2-H,78,78.39,76.23,0.15,5.63
Plate 9207,E05,FL4-H,75,78,88.84,-0.06,7.93
Plate 9207,E06,FL1-H,99,99.91,97.23,0.22,13.86
Plate 9207,E06,FL2-H,35,60.95,58.13,0.16,4.11
Plate 9207,E06,FL4-H,76,81.8,99.9,-2.89,48.88
Plate 9207,E07,FL1-H,96,99.41,99.78,0.04,35.99
Plate 9207,E07,FL2-H,1,13.57,16.65,0.09,1.98
Plate 9207,E07,FL4-H,40,22.33,26.66,0.07,2.48
Plate 9207,E08,FL1-H,0,0.82,4.86,0.03,1.19
Plate 9207,E08,FL2-H,2,13.45,18.02,0.06,2.05
Plate 9207,E08,FL4-H,76,80.35,93.54,-0.17,9.93
Plate 9207,E09,FL1-H,40,58.9,51.02,0.21,3.69
Plate 9207,E09,FL2-H,8,33.97,31.59,0.15,2.72
Plate 9207,E09,FL4-H,0,0.18,1.45,0.06,0.74
Plate 9207,E10,FL1-H,98,99.71,97.81,0.21,15.16
Plate 9207,E10,FL2-H,3,32.77,32.63,0.13,2.77
Plate 9207,E10,FL4-H,49,53.62,71.63,-0.08,5.15
Plate 9207,E11,FL1-H,0,0.5,3.69,0.05,1.07
Plate 9207,E11,FL2-H,1,3.86,5.83,0.09,1.28
Plate 9207,E11,FL4-H,1,0.45,1.97,0.05,0.84
Plate 9207,E12,FL1-H,12,10.38,3.61,0.31,1.06
Plate 9207,E12,FL2-H,95,99.03,99.97,-0.17,76.67
Plate 9207,E12,FL4-H,0,0.72,0.28,0.2,0.4
Plate 9207,F01,FL1-H,75,84.33,88.84,0.05,7.93
Plate 9207,F01,FL2-H,6,10.64,7.79,0.19,1.43
Plate 9207,F01,FL4-H,0,0.06,0.49,0.09,0.49
Plate 9207,F02,FL1-H,100,99.77,99.77,0.15,35.67
Plate 9207,F02,FL2-H,35,48.45,43.28,0.18,3.28
Plate 9207,F02,FL4-H,7,7.1,2.73,0.27,0.95
Plate 9207,F03,FL1-H,63,78.74,88.11,-0.02,7.72
Plate 9207,F03,FL2-H,80,90.87,98.87,-0.27,19.51
Plate 9207,F03,FL4-H,96,97.82,99.28,0.05,23.15
Plate 9207,F04,FL1-H,6,8.2,5.32,0.19,1.23
Plate 9207,F04,FL2-H,96,99.22,98.87,0.13,19.51
Plate 9207,F04,FL4-H,0,0.38,2.32,0.05,0.89
Plate 9207,F05,FL1-H,0,2.84,8.5,0.02,1.49
Plate 9207,F05,FL2-H,7,33.91,30.06,0.17,2.64
Plate 9207,F05,FL4-H,0,0.18,1.04,0.07,0.65
Plate 9207,F06,FL1-H,0,0.86,2.93,0.07,0.97
Plate 9207,F06,FL2-H,87,89.45,100,-12.3,204.57
Plate 9207,F06,FL4-H,50,32.1,33.69,0.11,2.82
Plate 9207,F07,FL1-H,5,7.54,1.75,0.38,0.8
Plate 9207,F07,FL2-H,0,1.65,0.99,0.18,0.64
Plate 9207,F07,FL4-H,0,0.2,0.52,0.09,0.5
Plate 9207,F08,FL1-H,9,26.17,21.83,0.18,2.25
Plate 9207,F08,FL2-H,30,36.23,17.67,0.38,2.04
Plate 9207,F08,FL4-H,13,9.84,0.38,0.96,0.45
Plate 9207,F09,FL1-H,3,6.94,1.63,0.35,0.78
Plate 9207,F09,FL2-H,1,2.47,5.2,0.05,1.22
Plate 9207,F09,FL4-H,50,41.37,30.06,0.25,2.64
Plate 9207,F10,FL1-H,0,0.12,1.42,0.06,0.74
Plate 9207,F10,FL2-H,70,80.96,94.1,-0.17,10.3
Plate 9207,F10,FL4-H,0,0.27,0.8,0.08,0.59
Plate 9207,F11,FL1-H,1,1.79,4.24,0.07,1.12
Plate 9207,F11,FL2-H,21,27.7,23.94,0.18,2.35
Plate 9207,F11,FL4-H,27,24.86,8.5,0.44,1.49
Plate 9207,F12,FL1-H,30,17.47,19.48,0.09,2.13
Plate 9207,F12,FL2-H,0,0.12,2.49,0.04,0.91
Plate 9207,F12,FL4-H,0,0.34,1.67,0.06,0.78
Plate 9207,G01,FL1-H,85,77.65,66.53,0.26,4.7
Plate 9207,G01,FL2-H,5,30.29,33.16,0.09,2.79
Plate 9207,G01,FL4-H,0,0.55,1.65,0.1,0.78
Plate 9207,G02,FL1-H,80,81.96,73.53,0.23,5.34
Plate 9207,G02,FL2-H,1,10.6,13.04,0.09,1.78
Plate 9207,G02,FL4-H,2,47.12,59.86,-0.01,4.22
Plate 9207,G03,FL1-H,0,0.06,1.09,0.07,0.67
Plate 9207,G03,FL2-H,3,13.29,16,0.08,1.95
Plate 9207,G03,FL4-H,13,16.84,19.11,0.1,2.11
Plate 9208,B01,FL1-H,3,2.83,7.41,0.05,1.4
Plate 9208,B01,FL2-H,0,0.31,0.69,0.08,0.55
Plate 9208,B01,FL4-H,0,0.17,1.06,0.07,0.65
Plate 9208,B02,FL1-H,12,15.23,4.73,0.33,1.17
Plate 9208,B02,FL2-H,85,89.38,90.06,0.1,8.3
Plate 9208,B02,FL4-H,0,0.12,1.52,0.07,0.75
Plate 9208,B03,FL1-H,22,17.73,7.57,0.29,1.41
Plate 9208,B03,FL2-H,0,1.45,4.12,0.05,1.1
Plate 9208,B03,FL4-H,0,0.74,1.52,0.1,0.75
Plate 9208,B04,FL1-H,0,0.09,3.06,0.04,0.98
Plate 9208,B04,FL2-H,4,13.27,17.22,0.07,2
Plate 9208,B04,FL4-H,44,51.76,67.85,-0.03,4.79
Plate 9208,B05,FL1-H,4,4.61,3.55,0.15,1.04
Plate 9208,B05,FL2-H,2,5.9,9.42,0.07,1.54
Plate 9208,B05,FL4-H,6,4.07,0.92,0.26,0.62
Plate 9208,B06,FL1-H,70,74.92,99.78,-2.19,35.99
Plate 9208,B06,FL2-H,7,24.7,18.99,0.19,2.09
Plate 9208,B06,FL4-H,49,30.62,37.87,0.06,3
Plate 9208,B07,FL1-H,42,51.49,39,0.23,3.05
Plate 9208,B07,FL2-H,70,79.91,98.47,-0.54,17.36
Plate 9208,B07,FL4-H,98,99.67,99.85,0.14,42.32
Plate 9208,B08,FL1-H,42,46.43,15.27,0.5,1.9
Plate 9208,B08,FL2-H,3,14.37,13.23,0.13,1.78
Plate 9208,B08,FL4-H,14,10.46,1.09,0.5,0.66
Plate 9208,B09,FL1-H,18,14.92,9.02,0.21,1.51
Plate 9208,B09,FL2-H,2,9.93,12.96,0.08,1.76
Plate 9208,B09,FL4-H,3,1.64,3.13,0.09,0.99
Plate 9208,B10,FL1-H,17,21.88,4.52,0.49,1.14
Plate 9208,B10,FL2-H,0,0.78,1.63,0.1,0.77
Plate 9208,B10,FL4-H,0,0.27,1.35,0.07,0.72
Plate 9208,B11,FL1-H,0,0.12,1.92,0.06,0.82
Plate 9208,B11,FL2-H,0,1.12,2.16,0.09,0.86
Plate 9208,B11,FL4-H,0,0.03,0.3,0.1,0.4
Plate 9208,B12,FL2-H,4,8.23,10.95,0.08,1.64
Plate 9208,B12,FL3-H,7,8.2,1.32,0.38,0.71
Plate 9208,B12,FL4-H,0,0.41,0.1,0.11,0.27
Plate 9208,C01,FL2-H,4,5.23,5.8,0.11,1.26
Plate 9208,C01,FL3-H,0,1.05,1.16,0.11,0.68
Plate 9208,C01,FL4-H,0,0,0.86,0.08,0.6
Plate 9208,C02,FL2-H,2,9.09,16.88,0.03,1.98
Plate 9208,C02,FL3-H,99,99.83,100,0.12,169.33
Plate 9208,C02,FL4-H,0,0.06,0.01,0.12,0.1
Plate 9208,C03,FL2-H,8,64.85,59.6,0.17,4.19
Plate 9208,C03,FL3-H,1,1.13,2.26,0.08,0.87
Plate 9208,C03,FL4-H,24,21.78,11.67,0.26,1.69
Plate 9208,C04,FL2-H,2,33.37,30.88,0.14,2.67
Plate 9208,C04,FL3-H,1,4.85,8.64,0.06,1.49
Plate 9208,C04,FL4-H,97,97.55,97.55,0.13,14.5
Plate 9208,C05,FL1-H,0,0.45,3.35,0.04,1.02
Plate 9208,C05,FL2-H,8,33.44,30.88,0.14,2.67
Plate 9208,C05,FL4-H,10,16.6,20.12,0.09,2.15
Plate 9208,C06,FL1-H,3,3.99,7.41,0.06,1.4
Plate 9208,C06,FL2-H,48,76.49,71.39,0.17,5.1
Plate 9208,C06,FL4-H,8,8.89,6.48,0.17,1.32
Plate 9208,C07,FL1-H,97,99.19,90.69,0.25,8.52
Plate 9208,C07,FL2-H,18,34.14,29.62,0.16,2.61
Plate 9208,C07,FL4-H,69,70.32,76.87,0.05,5.68
Plate 9208,C08,FL1-H,3,5.17,2.42,0.19,0.9
Plate 9208,C08,FL2-H,13,29.03,25.57,0.16,2.42
Plate 9208,C08,FL4-H,2,2.7,0.92,0.22,0.62
Plate 9208,C09,FL1-H,4,5.18,1.48,0.25,0.74
Plate 9208,C09,FL2-H,37,56.19,60.74,0.08,4.26
Plate 9208,C09,FL4-H,82,87.06,99.57,-0.73,28.23
Plate 9208,C10,FL1-H,11,12.01,3.85,0.31,1.07
Plate 9208,C10,FL2-H,65,84.36,82.96,0.13,6.56
Plate 9208,C10,FL4-H,0,0.06,0.27,0.1,0.39
Plate 9208,C11,FL1-H,17,31.24,23.79,0.2,2.33
Plate 9208,C11,FL2-H,2,8.36,11.92,0.07,1.7
Plate 9208,C11,FL4-H,7,7.82,0.99,0.43,0.64
Plate 9208,C12,FL1-H,3,3.35,6.48,0.06,1.32
Plate 9208,C12,FL2-H,1,1.85,4.32,0.07,1.12
Plate 9208,C12,FL4-H,10,13.45,17.05,0.07,1.99
Plate 9208,D01,FL1-H,36,29.14,18.62,0.24,2.07
Plate 9208,D01,FL2-H,0,1.33,5.42,0.03,1.23
Plate 9208,D01,FL4-H,2,2.92,0.99,0.21,0.64
Plate 9208,D02,FL1-H,0,0.06,1.29,0.07,0.7
Plate 9208,D02,FL2-H,3,26.96,27.91,0.11,2.53
Plate 9208,D02,FL4-H,3,0.91,2.99,0.07,0.97
Plate 9208,D03,FL1-H,46,45.26,31.39,0.25,2.69
Plate 9208,D03,FL2-H,1,1.33,4.62,0.04,1.15
Plate 9208,D03,FL4-H,0,0.06,0.45,0.09,0.47
Plate 9208,D04,FL1-H,3,5.04,7.74,0.07,1.42
Plate 9208,D04,FL2-H,1,2.33,5.42,0.05,1.23
Plate 9208,D04,FL4-H,3,3.79,0.71,0.29,0.56
Plate 9208,D05,FL1-H,0,0.15,4.62,0.02,1.15
Plate 9208,D05,FL2-H,2,2.44,2.92,0.1,0.96
Plate 9208,D05,FL4-H,69,76.05,99.54,-1.42,27.47
Plate 9208,D06,FL1-H,78,68.36,55.51,0.23,3.93
Plate 9208,D06,FL2-H,31,45.43,37.31,0.19,2.97
Plate 9208,D06,FL4-H,66,74.78,90.48,-0.11,8.45
Plate 9208,D07,FL1-H,21,21.4,13.23,0.22,1.78
Plate 9208,D07,FL2-H,44,49,44.22,0.16,3.31
Plate 9208,D07,FL4-H,67,69.36,80.47,-0.01,6.16
Plate 9208,D08,FL1-H,46,52.87,47.18,0.17,3.46
Plate 9208,D08,FL2-H,83,93.16,97.25,0.01,13.86
Plate 9208,D08,FL4-H,12,15.16,13.51,0.14,1.8
Plate 9208,D09,FL1-H,0,0.03,1.92,0.06,0.82
Plate 9208,D09,FL2-H,0,1.11,4.12,0.05,1.1
Plate 9208,D09,FL4-H,3,1.55,4.32,0.07,1.12
Plate 9208,D10,FL1-H,12,11.79,4.52,0.28,1.14
Plate 9208,D10,FL2-H,6,12.77,10.95,0.15,1.64
Plate 9208,D10,FL4-H,2,1.07,4.41,0.05,1.13
Plate 9208,D11,FL1-H,1,3.9,2.48,0.16,0.91
Plate 9208,D11,FL2-H,1,2.89,4.89,0.08,1.18
Plate 9208,D11,FL4-H,1,2.64,0.52,0.27,0.5
Plate 9208,D12,FL1-H,43,48.29,11.67,0.62,1.69
Plate 9208,D12,FL2-H,1,3.8,5.93,0.08,1.28
Plate 9208,D12,FL4-H,47,47.77,45.4,0.14,3.37
Plate 9208,E01,FL1-H,1,0.87,1.75,0.1,0.79
Plate 9208,E01,FL2-H,2,2.99,6.34,0.06,1.31
Plate 9208,E01,FL4-H,4,4.9,0.13,0.72,0.29
Plate 9208,E02,FL1-H,1,1.72,2.31,0.11,0.88
Plate 9208,E02,FL2-H,13,18.18,18.27,0.12,2.05
Plate 9208,E02,FL4-H,1,0.59,0.99,0.12,0.64
Plate 9208,E03,FL1-H,92,92.47,99.59,-0.41,28.74
Plate 9208,E03,FL2-H,7,24.66,24.23,0.13,2.35
Plate 9208,E03,FL4-H,96,99.16,99.99,-0.31,114.98
Plate 9208,E04,FL1-H,46,52.04,42.75,0.2,3.24
Plate 9208,E04,FL2-H,14,44.1,41.29,0.14,3.17
Plate 9208,E04,FL4-H,69,75.04,99.93,-3.95,54.95
Plate 9208,E05,FL1-H,100,99.91,98.7,0.17,18.49
Plate 9208,E05,FL2-H,78,82.97,81.21,0.14,6.28
Plate 9208,E05,FL4-H,80,83,92.35,-0.04,9.24
Plate 9208,E06,FL1-H,99,99.88,98.85,0.17,19.34
Plate 9208,E06,FL2-H,42,60.8,59.6,0.13,4.19
Plate 9208,E06,FL4-H,75,81.77,99.89,-2.27,47.15
Plate 9208,E07,FL1-H,94,99.58,99.73,0.14,33.49
Plate 9208,E07,FL2-H,1,12.27,14.97,0.08,1.88
Plate 9208,E07,FL4-H,41,25.94,29.37,0.09,2.6
Plate 9208,E08,FL1-H,0,1.34,5.54,0.03,1.24
Plate 9208,E08,FL2-H,3,16.15,18.62,0.09,2.07
Plate 9208,E08,FL4-H,78,83.13,95,-0.12,10.97
Plate 9208,E09,FL1-H,44,57.63,48.07,0.21,3.51
Plate 9208,E09,FL2-H,16,40.3,36.75,0.15,2.95
Plate 9208,E09,FL4-H,0,0.45,1.35,0.07,0.72
Plate 9208,E10,FL1-H,95,99.79,98.24,0.18,16.44
Plate 9208,E10,FL2-H,8,34.83,34.56,0.12,2.84
Plate 9208,E10,FL4-H,49,55.55,81.93,-0.18,6.39
Plate 9208,E11,FL1-H,0,0.87,3.85,0.05,1.07
Plate 9208,E11,FL2-H,1,3.98,6.48,0.08,1.32
Plate 9208,E11,FL4-H,1,0.78,1.67,0.1,0.78
Plate 9208,E12,FL1-H,14,13.98,3.68,0.36,1.06
Plate 9208,E12,FL2-H,96,99.36,99.99,-0.24,100.45
Plate 9208,E12,FL4-H,0,0.3,0.22,0.1,0.36
Plate 9208,F01,FL1-H,76,85.05,88.94,0.06,7.93
Plate 9208,F01,FL2-H,8,11.84,8.45,0.18,1.47
Plate 9208,F01,FL4-H,0,0.09,0.44,0.09,0.47
Plate 9208,F02,FL1-H,99,99.76,99.76,0.14,35.35
Plate 9208,F02,FL2-H,35,48.22,43.04,0.16,3.25
Plate 9208,F02,FL4-H,9,8.65,2.6,0.3,0.92
Plate 9208,F03,FL1-H,67,75.75,86.36,-0.01,7.25
Plate 9208,F03,FL2-H,80,88.19,98.76,-0.31,18.82
Plate 9208,F03,FL4-H,96,97.69,99.35,0.05,24
Plate 9208,F04,FL1-H,8,7.57,4.62,0.19,1.15
Plate 9208,F04,FL2-H,97,99.61,98.85,0.17,19.34
Plate 9208,F04,FL4-H,1,0.45,1.63,0.06,0.77
Plate 9208,F05,FL1-H,2,2.37,7.74,0.03,1.42
Plate 9208,F05,FL2-H,10,29.66,28.39,0.14,2.55
Plate 9208,F05,FL4-H,0,0.33,0.78,0.08,0.58
Plate 9208,F06,FL1-H,0,1.06,3.27,0.06,1.01
Plate 9208,F06,FL2-H,86,88.21,100,-12.36,221.84
Plate 9208,F06,FL4-H,52,35.51,40.14,0.08,3.11
Plate 9208,F07,FL1-H,4,7.45,1.96,0.28,0.83
Plate 9208,F07,FL2-H,0,2.32,1.02,0.16,0.64
Plate 9208,F07,FL4-H,0,0.3,0.55,0.09,0.51
Plate 9208,F08,FL1-H,10,23.21,18.27,0.17,2.05
Plate 9208,F08,FL2-H,30,36.31,15.9,0.36,1.93
Plate 9208,F08,FL4-H,13,10.41,0.38,0.81,0.44
Plate 9208,F09,FL1-H,1,5.91,1.92,0.25,0.82
Plate 9208,F09,FL2-H,1,3.35,5.36,0.07,1.22
Plate 9208,F09,FL4-H,53,45.51,42.75,0.15,3.24
Plate 9208,F10,FL1-H,0,0.38,1.67,0.06,0.78
Plate 9208,F10,FL2-H,71,82.11,95.11,-0.15,11.07
Plate 9208,F10,FL4-H,0,0.67,0.9,0.12,0.61
Plate 9208,F11,FL1-H,1,2.31,4.73,0.06,1.17
Plate 9208,F11,FL2-H,22,27.66,25.57,0.14,2.42
Plate 9208,F11,FL4-H,29,26.36,7.74,0.42,1.42
Plate 9208,F12,FL1-H,40,22.26,20.9,0.13,2.19
Plate 9208,F12,FL2-H,0,0.54,2.72,0.07,0.94
Plate 9208,F12,FL4-H,0,1.1,1.83,0.09,0.81
Plate 9208,G01,FL1-H,86,81.33,68.37,0.24,4.83
Plate 9208,G01,FL2-H,8,32.02,32.43,0.12,2.74
Plate 9208,G01,FL4-H,0,0.83,1.75,0.1,0.79
Plate 9208,G02,FL1-H,85,81.79,76.87,0.17,5.68
Plate 9208,G02,FL2-H,3,7,10.95,0.06,1.64
Plate 9208,G02,FL4-H,9,45.99,57.28,0.02,4.04
Plate 9208,G03,FL1-H,0,0.09,1.02,0.08,0.64
Plate 9208,G03,FL2-H,4,14.49,16.88,0.09,1.98
Plate 9208,G03,FL4-H,15,16.96,20.9,0.08,2.19
